Word,Lg10CD_used
MANLY,2.1644
MOLAR,1.3424
HAVOC,1.7993
IMPEL,0.6021
CONDO,2.1461
JUDGE,3.2101
EXTRA,3.3162
POISE,1.5563
AORTA,1.7076
EXCEL,1.5315
LUNAR,1.6812
THIRD,3.3714
SLATE,2.1106
TAPER,1.0
CHORD,1.8261
RPROBE,0.301
RIVAL,2.1644
USUAL,3.1691
SPOKE,3.1778
APPLY,2.721
KNOCK,3.3199
BRAID,1.6128
INFER,1.3802
JOUST,1.3802
AMBER,2.0899
WOKEN,1.8573
ADORE,2.4698
TORSO,1.8865
CHAFE,1.1139
EJECT,1.6902
STUDY,3.1523
UNDUE,1.4472
TEPID,1.0414
HAPPY,3.7429
CLEN,0.301
ITCHY,2.0128
FEAST,2.3747
DRIVE,3.57
PRIME,2.738
AXIOM,0.9031
BRAVE,3.0461
AVERT,1.4472
GLYPH,0.699
THERE,3.922
BAKER,2.4232
SNARL,1.3617
MAPLE,1.9638
INANE,1.3424
VALET,2.1523
MEDAL,2.4728
UNITE,2.1072
RAINY,2.1847
SPELL,2.9469
BEGIN,3.3041
STALE,2.1173
DREAM,3.4487
PHOTO,2.8893
ALOUD,1.9445
INEPT,1.5563
PINEY,0.8451
APTLY,1.301
WALTZ,2.2601
LIBEL,1.4914
SNEAK,2.8681
CARRY,3.3389
FLOUT,0.9542
FOGGY,1.7782
FAULT,3.4916
MUMMY,2.2227
SPIEL,1.301
GROVE,2.0086
DENIM,1.4314
QUIRK,1.2788
EXIST,3.0212
STEIN,1.699
SPADE,1.7634
CATCH,3.5759
FLOOR,3.4366
EQUAL,2.7292
IONIC,0.9031
VALID,2.1875
ENJOY,3.4425
HOWDY,2.567
VIGOR,1.301
DANDY,2.2068
SLOTH,1.3979
MARXH,0.301
BOUGH,1.0792
STING,2.4249
TWINE,1.3424
LEAVE,3.8565
SCORN,1.6435
SCALD,1.1761
USURP,1.0
SOGGY,1.6335
BRISK,1.699
ADMIT,3.3276
GRATE,1.6335
GLORY,2.8041
SAINT,2.7033
RECAP,1.6435
ALIKE,2.6839
TRICE,0.7782
STICK,3.4765
CHUTE,2.0682
PARER,0.301
DOUBT,3.3357
THYME,0.9542
ALPHA,2.3201
BOOZE,2.6274
TIBIA,1.3617
LOFTY,1.5441
THEME,2.6532
CLASS,3.3885
LEERY,1.8388
TAUNT,1.4624
WHOOP,2.0043
INTER,1.2304
GULLY,1.415
CHARM,2.7767
FUNGI,0.8451
PRIZE,2.8669
ONSET,1.6128
CHIEF,3.1383
GAUZE,1.7559
RUDER,0.9542
IRONY,2.3032
CLOWN,2.6503
NEEDY,2.0828
WOVEN,1.5051
MERIT,2.1875
WASTE,3.2925
TREAT,3.2639
SHRUG,1.2553
TWANG,0.9031
TWICE,3.3595
GRUEL,1.2553
POKER,2.6395
KHAKI,1.5911
HUNKY,1.5315
LABEL,2.4099
GLEAN,0.4771
CLING,2.0294
PATTY,2.316
UNFIT,1.8388
SMEAR,1.959
ALIEN,2.5051
BUGGY,1.8751
RHYME,2.2068
YOUTH,2.7789
COYLY,0.6021
QUART,1.8921
CRAMP,2.0414
BLUFF,2.3345
UPSET,3.372
STOMP,1.9777
MOTTO,2.3444
CINCH,2.1399
ELOPE,1.7404
POWER,3.4744
MIDGE,1.5682
TRYST,1.301
APHID,0.6021
TRITE,1.5563
ANGRY,3.2707
FLOCK,2.2122
WACKY,2.0607
ROOMY,1.3222
WEDGE,1.9912
LIVER,2.6325
BLAND,1.5315
NIGHT,3.8682
MADAM,2.8293
BERTH,1.5051
STEAD,1.6532
VOICE,3.3797
AGAPE,0.301
FLUFF,1.7404
FIELD,3.2833
SEVER,1.8195
LILAC,1.4914
EGRET,0.4771
PINTO,1.4771
HUTCH,1.6902
GAWKY,1.1761
DROLL,1.3617
RETRO,1.7076
RUSTY,2.3945
BEADY,1.4624
SMITE,1.3979
BRINK,2.0453
AWFUL,3.3208
GLOAT,1.8325
INPUT,2.1239
LOSER,2.9624
CACAO,0.301
BLOWN,2.8312
APRON,2.0334
PRIMO,1.7243
ATONE,1.5315
DONOR,2.1206
FLOAT,2.49
GOOSE,2.5763
PIETY,1.3802
GIRTH,1.3222
TRAIT,1.7404
FLOOD,2.3075
GLOOM,1.7324
DEPTH,2.4183
FROTH,1.0
PEACH,2.3284
SHOWY,1.1761
CREAK,1.3424
MANOR,2.017
ATOLL,0.9031
BAYOU,1.5051
CREPT,1.7559
TIARA,1.6628
ASSET,2.1761
VOUCH,2.0453
ALBUM,2.4378
HINGE,1.4472
MONEY,3.7519
SCRAP,2.233
GAMER,0.699
GLASS,3.2653
SCOUR,1.4771
BEING,3.8503
DELVE,1.1761
YIELD,2.1139
METAL,2.8222
TIPSY,1.4624
SLUNG,1.1761
FARCE,1.8388
GECKO,1.2041
SHINE,2.8241
CANNY,1.0
MIDST,2.1987
BADGE,2.6665
HOMER,1.8261
TRAIN,3.2458
HAIRY,2.3766
STORY,3.63
FORGO,1.2041
LARVA,1.0792
TASH,0.4771
ZESTY,0.9031
SHOWN,2.8069
HEIST,2.0043
ASKEW,1.1139
INERT,1.2553
OLIVE,2.2648
PLANT,2.9201
OXIDE,1.6435
CARGO,2.3784
FOYER,1.5798
FLAIR,1.9494
AMPLE,1.9191
CHEEK,2.4487
SHAME,3.1818
MINCE,1.4314
CHUNK,2.1367
ROYAL,2.705
SQUAD,2.7513
BLACK,3.5039
STAIR,1.6628
SCARE,3.1011
FORAY,1.301
COMMA,1.5441
NATAL,0.699
SHAWL,1.6628
FEWER,2.1367
TROPE,0.4771
SNOUT,1.5798
LOWLY,1.8261
STOVE,2.4518
SHALL,3.486
FOUND,3.8052
NYMPH,1.3424
EPOXY,0.9031
DEPOT,1.9912
CHEST,3.0711
PURGE,1.8261
SLOSH,0.7782
THEIR,3.8568
RENEW,1.9294
ALLOW,3.2204
SAUTE,0.6021
MOVIE,3.3226
CATER,1.7853
TEASE,2.3856
SMELT,1.6532
FOCUS,3.031
TODAY,3.8176
WATCH,3.7696
LAPSE,1.7924
MONTH,3.4618
SWEET,3.5538
HOARD,1.0
CLOTH,2.3747
BRINE,1.1139
AHEAD,3.6746
MOURN,2.0719
NASTY,2.9533
RUPEE,0.301
CHOKE,2.4362
CHANT,1.9191
SPILL,2.5527
VIVID,1.9912
BLOKE,2.1335
TROVE,1.1761
THORN,1.8573
OTHER,3.8887
TACIT,0.8451
SWILL,1.6021
DODGE,2.3054
SHAKE,3.1129
CAULK,1.0792
AROMA,1.8129
CYNIC,1.699
ROBIN,2.4487
ULTRA,1.4314
ULCER,1.9395
PAUSE,2.3139
HUMOR,2.8299
FRAME,2.7226
ELDER,2.0374
SKILL,2.5159
ALOFT,1.4314
PLEAT,0.6021
SHARD,1.0792
MOIST,1.8921
THOSE,3.8872
LIGHT,3.5938
WRUNG,1.1761
COULD,3.9156
PERKY,1.8261
MOUNT,2.6031
WHACK,2.4683
SUGAR,3.0596
KNOLL,1.301
CRIMP,1.301
WINCE,1.0
PRICK,2.6857
ROBOT,2.3365
POINT,3.7163
PROXY,1.5682
SHIRE,1.2788
SOLAR,2.1614
PANIC,2.8993
TANGY,1.1761
ABBEY,1.7324
FAVOR,3.3749
DRINK,3.6389
QUERY,1.4472
GORGE,1.6435
CRANK,2.316
SLUMP,1.6232
